0,48,453,"2014-10-23 03:26:20",0,"72132"
1,1081,19,"2014-10-15 18:32:14",1,"17307"
2,532,36,"2014-12-10 15:33:16",1,"66216"
3,2641,822,"2014-10-20 02:24:55",1,"36690"
4,2251,338,"2014-11-18 07:16:05",1,"61377"
5,1811,6,"2014-11-18 02:00:48",1,"20115"
6,3644,24,"2014-12-12 15:24:02",1,"15330"
7,250,726,"2014-10-07 09:48:53",0,"33570"
8,1782,442,"2014-12-30 15:27:31",1,"41240"
9,2932,775,"2014-11-12 07:45:55",0,"63565"
10,3203,1553,"2014-12-14 04:02:21",1,"90637"
11,151,201,"2014-11-29 11:40:28",0,"68778"
12,364,1341,"2014-12-06 17:46:21",1,"97499"
13,1287,166,"2014-10-16 12:37:13",1,"98356"
14,3150,1174,"2014-12-19 05:27:07",0,"15012"
15,1247,586,"2014-11-12 21:04:25",0,"52175"
16,1828,1593,"2014-12-13 15:03:08",1,"41553"
17,743,39,"2014-10-23 06:37:19",1,"70753"
18,2064,169,"2014-12-05 11:12:34",1,"23221"
19,536,1028,"2014-11-07 00:36:34",0,"15928"
20,60,213,"2014-12-27 03:20:36",1,"54153"
21,221,523,"2014-10-23 14:59:33",1,"04042"
22,15,30,"2014-12-27 16:40:40",0,"56045"
23,871,26,"2014-11-27 20:55:03",1,"48736"
24,2001,339,"2014-10-09 18:36:05",1,"90603"
25,4802,103,"2014-11-25 02:40:08",0,"75483"
26,3545,940,"2014-12-07 03:01:11",0,"17509"
27,1798,957,"2014-11-05 07:01:03",0,"34240"
28,473,60,"2014-11-01 04:16:15",1,"05492"
29,1685,486,"2014-11-12 02:55:11",0,"27546"
30,24,38,"2014-11-07 06:33:46",1,"92509"
31,181,1113,"2014-12-05 23:33:21",1,"88559"
32,10,17,"2014-12-30 11:16:41",1,"88241"
33,392,29,"2014-10-13 09:02:27",0,"74428"
34,901,532,"2014-10-08 19:19:48",1,"83717"
35,87,925,"2014-11-13 17:38:07",0,"50858"
36,132,1308,"2014-12-16 01:33:45",1,"66742"
37,350,2,"2014-11-04 14:06:14",1,"80428"
38,2698,1,"2014-12-08 09:55:05",1,"98424"
39,1432,881,"2014-10-24 16:03:51",0,"13801"
40,744,271,"2014-11-23 02:09:35",0,"61413"
41,716,104,"2014-10-20 21:57:53",1,"06881"
42,74,1194,"2014-11-13 17:47:12",1,"91522"
43,130,1418,"2014-10-23 05:13:22",0,"20022"
44,2017,1661,"2014-10-27 02:09:35",1,"97044"
45,2519,33,"2014-11-19 04:15:06",1,"20859"
46,852,1564,"2014-11-13 15:18:40",1,"78961"
47,2491,42,"2014-11-06 04:08:41",1,"16215"
48,341,0,"2014-10-13 01:00:52",0,"99256"
49,1217,808,"2014-11-29 04:40:01",1,"55336"
50,246,777,"2014-11-04 12:04:57",1,"03034"
51,3293,316,"2014-10-19 16:47:56",1,"38141"
52,2565,371,"2014-11-21 03:45:55",0,"02575"
53,4840,128,"2014-12-21 03:59:09",0,"40372"
54,1015,224,"2014-11-14 03:38:30",0,"97420"
55,1646,104,"2014-11-11 07:09:09",1,"91921"
56,381,327,"2014-10-08 23:48:13",1,"80022"
57,67,638,"2014-10-16 08:43:44",1,"85003"
58,2160,400,"2014-11-13 19:02:19",1,"21794"
59,472,570,"2014-12-15 22:35:30",0,"32578"
60,698,233,"2014-12-07 11:09:46",0,"35801"
61,299,796,"2014-12-06 22:12:01",1,"97049"
62,752,1621,"2014-12-04 00:00:56",1,"39181"
63,782,315,"2014-12-28 03:38:10",1,"01253"
64,466,380,"2014-10-22 02:31:48",1,"06903"
65,2778,90,"2014-10-20 01:29:05",1,"62555"
66,630,136,"2014-11-27 23:57:20",1,"89513"
67,3419,11,"2014-10-28 00:46:43",0,"21161"
68,4314,440,"2014-10-14 21:46:30",0,"71959"
69,3564,1233,"2014-10-01 05:00:25",0,"93528"
70,752,9,"2014-12-24 17:14:05",1,"30742"
71,71,104,"2014-11-29 08:26:08",0,"62095"
72,3650,131,"2014-10-09 11:49:44",1,"60064"
73,409,869,"2014-11-28 04:31:52",1,"73663"
74,3327,445,"2014-12-08 06:52:19",0,"78208"
75,440,197,"2014-11-18 23:42:31",0,"13632"
76,324,1633,"2014-11-23 16:03:41",0,"20042"
77,2657,1170,"2014-11-21 04:02:46",1,"34685"
78,927,1114,"2014-10-16 10:41:27",1,"32971"
79,2321,1061,"2014-12-21 18:39:06",1,"15662"
80,4166,700,"2014-10-07 16:29:26",0,"10519"
81,2380,19,"2014-11-22 20:27:24",1,"77262"
82,2546,292,"2014-10-07 15:59:35",0,"02563"
83,503,1588,"2014-10-05 04:06:56",0,"23038"
84,1098,1664,"2014-10-17 15:38:44",0,"27502"
85,4290,264,"2014-12-04 07:37:57",1,"72359"
86,10,435,"2014-11-27 19:21:41",1,"77830"
87,1235,1231,"2014-10-26 17:45:23",1,"59867"
88,354,1175,"2014-10-28 12:47:55",1,"80436"
89,3703,294,"2014-12-07 05:10:43",1,"46382"
90,940,1602,"2014-10-14 00:02:23",1,"34656"
91,59,1695,"2014-12-06 21:51:58",1,"77520"
92,3452,8,"2014-12-02 00:56:14",0,"27690"
93,1429,388,"2014-10-20 08:31:28",1,"41845"
94,9,56,"2014-10-17 15:32:07",1,"28717"
95,737,891,"2014-11-20 18:46:07",0,"61524"
96,75,658,"2014-11-30 07:48:01",0,"45343"
97,2215,416,"2014-12-27 08:25:04",1,"60669"
98,267,659,"2014-12-16 09:07:57",0,"47383"
99,1853,75,"2014-11-05 00:44:35",0,"29336"
100,2895,86,"2014-11-02 20:43:47",1,"94580"
101,1054,285,"2014-11-04 21:52:19",0,"18632"
102,1398,6,"2014-11-05 08:19:34",0,"13081"
103,889,810,"2014-10-07 18:51:24",1,"80132"
104,1309,215,"2014-10-10 01:51:58",0,"98034"
105,1775,18,"2014-10-19 07:51:15",0,"18964"
106,776,8,"2014-12-02 21:33:48",1,"92650"
107,609,1436,"2014-11-30 16:27:44",1,"73156"
108,81,36,"2014-11-02 15:45:43",0,"02553"
109,3998,1294,"2014-12-24 08:50:03",0,"84043"
110,550,13,"2014-12-27 12:49:38",0,"54739"
111,58,300,"2014-12-16 23:18:25",0,"70040"
112,71,1114,"2014-11-15 18:23:35",1,"40049"
113,4738,1,"2014-11-04 15:49:25",0,"95832"
114,2477,203,"2014-12-30 10:04:00",1,"92728"
115,3172,697,"2014-12-05 10:58:28",0,"97317"
116,1120,315,"2014-11-07 13:50:57",1,"53794"
117,4994,1001,"2014-12-14 18:13:38",0,"48009"
118,4719,256,"2014-12-19 23:34:38",0,"98118"
119,4421,1,"2014-12-06 17:20:55",1,"15929"
120,2265,703,"2014-12-07 12:30:03",0,"02461"
121,844,888,"2014-12-02 03:15:25",0,"21759"
122,68,277,"2014-11-28 02:58:25",1,"39842"
123,391,217,"2014-10-14 14:30:02",1,"22156"
124,1843,442,"2014-12-29 02:38:16",0,"62450"
125,396,277,"2014-10-24 09:06:35",1,"65728"
126,128,562,"2014-11-06 18:12:51",1,"93120"
127,3093,807,"2014-12-17 23:23:12",1,"21020"
128,782,879,"2014-11-23 07:03:23",1,"28630"
129,382,61,"2014-11-12 22:46:46",0,"32004"
130,2734,221,"2014-10-14 07:24:44",0,"33807"
131,9,727,"2014-11-26 12:05:03",1,"47546"
132,2505,508,"2014-12-28 09:03:37",1,"67749"
133,3902,30,"2014-11-20 17:37:30",1,"51101"
134,55,794,"2014-10-28 12:47:24",0,"41367"
135,159,818,"2014-12-24 17:58:30",0,"24867"
136,595,70,"2014-11-06 15:45:35",1,"31520"
137,1615,530,"2014-11-21 20:58:38",0,"49019"
138,1445,50,"2014-11-16 12:56:43",1,"08073"
139,843,682,"2014-10-21 23:58:13",0,"94156"
140,3704,156,"2014-10-25 09:36:24",1,"89403"
141,3671,772,"2014-11-24 00:57:45",0,"33772"
142,3091,952,"2014-11-16 20:55:42",0,"30055"
143,565,71,"2014-10-27 21:42:55",1,"45806"
144,127,1159,"2014-10-09 11:22:48",0,"02802"
145,358,43,"2014-11-17 17:45:06",1,"56520"
146,976,726,"2014-12-29 09:43:16",0,"55087"
147,4880,59,"2014-10-06 02:57:22",1,"43610"
148,661,1425,"2014-11-14 10:34:15",1,"57445"
149,2305,637,"2014-10-04 09:26:49",0,"15902"
150,705,470,"2014-10-29 21:06:14",1,"55398"
151,3546,1680,"2014-12-27 14:10:56",1,"49639"
152,148,218,"2014-11-04 13:17:04",1,"77516"
153,62,1348,"2014-10-25 09:44:22",1,"32132"
154,4793,858,"2014-12-03 22:16:51",0,"36057"
155,34,1672,"2014-11-28 00:26:43",1,"57037"
156,1579,66,"2014-11-28 16:45:34",1,"06858"
157,429,381,"2014-12-09 17:34:56",1,"71063"
158,3615,53,"2014-10-08 13:20:59",1,"88901"
159,118,546,"2014-11-24 10:44:12",1,"51008"
160,2333,330,"2014-11-13 01:23:44",1,"45121"
161,2897,161,"2014-11-09 12:21:31",1,"12184"
162,1141,826,"2014-10-22 14:26:14",0,"20268"
163,2512,149,"2014-12-27 16:48:24",1,"55319"
164,2456,465,"2014-12-26 01:51:45",0,"33324"
165,171,1272,"2014-11-06 21:37:14",0,"62659"
166,221,35,"2014-11-26 04:05:27",1,"91335"
167,1450,77,"2014-11-28 19:19:22",0,"55439"
168,29,754,"2014-10-19 16:54:47",1,"59311"
169,34,1290,"2014-11-28 10:55:57",1,"47111"
170,973,460,"2014-11-01 07:39:03",1,"35097"
171,412,101,"2014-12-07 12:43:33",0,"37824"
172,53,416,"2014-12-01 01:05:23",1,"76691"
173,175,1526,"2014-10-27 06:22:46",1,"15520"
174,2754,38,"2014-11-02 13:10:13",0,"81125"
175,399,66,"2014-10-05 06:41:39",0,"46379"
176,37,924,"2014-10-27 22:39:46",1,"31547"
177,673,563,"2014-11-02 00:27:20",1,"77047"
178,6,31,"2014-11-12 03:49:37",0,"17310"
179,2667,429,"2014-11-15 05:15:22",0,"63342"
180,2874,260,"2014-12-17 20:45:28",0,"72764"
181,1478,1341,"2014-12-27 07:22:13",0,"97080"
182,740,1455,"2014-10-03 07:07:56",1,"29585"
183,3709,223,"2014-10-08 19:32:06",1,"41819"
184,1050,356,"2014-11-30 12:57:31",0,"66422"
185,70,598,"2014-11-08 10:54:26",0,"91780"
186,275,815,"2014-10-19 09:39:41",1,"66209"
187,1702,24,"2014-11-19 22:08:22",1,"24597"
188,2067,125,"2014-12-11 15:39:01",1,"11594"
189,1070,30,"2014-12-02 05:27:18",1,"06810"
190,4793,25,"2014-11-21 12:19:07",0,"30054"
191,2601,1221,"2014-11-06 19:16:22",1,"02910"
192,22,356,"2014-10-14 06:26:04",1,"84746"
193,3488,38,"2014-12-18 12:47:43",1,"71241"
194,2070,59,"2014-12-25 04:49:40",1,"56211"
195,145,829,"2014-10-24 17:38:40",1,"29203"
196,3510,122,"2014-11-24 20:29:45",1,"48442"
197,1662,21,"2014-10-24 01:10:30",0,"58027"
198,1978,550,"2014-12-24 07:10:25",1,"18105"
199,741,426,"2014-12-01 23:29:00",1,"24647"
200,2154,49,"2014-10-08 18:40:25",1,"28035"
201,234,955,"2014-12-04 03:50:37",0,"75437"
202,2854,335,"2014-12-12 13:13:17",1,"52732"
203,19,1023,"2014-12-01 21:46:28",1,"22003"
204,5,69,"2014-11-08 06:46:31",1,"32428"
205,1060,318,"2014-11-05 06:31:58",1,"62866"
206,3094,13,"2014-11-27 02:34:10",1,"78372"
207,4007,76,"2014-10-21 06:54:26",1,"23061"
208,3345,1570,"2014-10-13 21:56:37",1,"62651"
209,1937,2,"2014-12-16 10:30:51",0,"54413"
210,677,605,"2014-11-09 19:34:31",0,"15520"
211,56,90,"2014-12-25 09:27:46",0,"34224"
212,4204,988,"2014-11-17 17:05:59",1,"97903"
213,727,1357,"2014-11-22 15:50:14",1,"17012"
214,289,5,"2014-10-06 12:43:17",0,"31405"
215,268,455,"2014-10-04 09:29:51",1,"43615"
216,2101,1146,"2014-11-02 07:32:12",0,"89129"
217,314,81,"2014-12-07 06:05:04",0,"62321"
218,2972,27,"2014-12-22 19:39:27",1,"78046"
219,4132,880,"2014-11-17 17:36:50",0,"68348"
220,1087,773,"2014-12-07 10:29:20",0,"29672"
221,13,1253,"2014-10-17 08:40:58",0,"72687"
222,904,1576,"2014-11-02 20:34:27",1,"15480"
223,19,953,"2014-11-30 22:50:12",0,"83313"
224,1839,7,"2014-11-08 09:32:43",1,"28212"
225,1811,210,"2014-10-17 17:59:44",0,"95628"
226,3655,58,"2014-10-24 18:17:33",1,"91385"
227,630,484,"2014-10-23 14:39:59",1,"32316"
228,1328,9,"2014-11-17 08:47:25",1,"27507"
229,969,1356,"2014-11-22 19:55:40",1,"06024"
230,843,211,"2014-10-14 11:13:33",1,"89150"
231,1480,338,"2014-10-18 14:28:40",0,"73801"
232,3572,4,"2014-10-07 04:14:19",0,"02887"
233,1903,1318,"2014-12-02 02:15:21",1,"04239"
234,3559,310,"2014-12-27 05:52:18",1,"91708"
235,206,72,"2014-12-15 15:42:21",0,"54519"
236,93,1231,"2014-11-16 04:23:58",1,"65212"
237,164,813,"2014-12-30 16:14:52",0,"02635"
238,4009,864,"2014-11-10 07:05:43",1,"25722"
239,730,87,"2014-10-04 21:49:52",1,"55449"
240,1815,1009,"2014-12-29 15:21:28",1,"56572"
241,383,17,"2014-12-11 03:25:09",1,"29178"
242,271,216,"2014-12-16 04:35:34",1,"62280"
243,938,22,"2014-12-24 00:32:44",1,"56678"
244,3599,358,"2014-11-21 22:50:59",1,"37028"
245,31,364,"2014-10-18 14:40:09",1,"52053"
246,2599,2,"2014-12-24 23:16:02",1,"98953"
247,680,879,"2014-10-15 00:18:51",1,"78247"
248,3263,1045,"2014-12-16 00:39:47",1,"48870"
249,4073,161,"2014-12-01 19:07:40",1,"66624"
250,1080,215,"2014-10-11 16:14:28",1,"72443"
251,3666,165,"2014-12-06 02:28:03",1,"31518"
252,3808,1134,"2014-11-14 05:33:31",1,"12121"
253,11,63,"2014-12-11 13:37:31",1,"91399"
254,1251,1100,"2014-11-02 12:25:20",0,"21775"
255,218,233,"2014-12-16 14:04:31",1,"71458"
256,4409,417,"2014-11-21 07:45:27",1,"44393"
257,129,10,"2014-11-13 19:01:53",0,"90050"
258,3942,266,"2014-10-27 14:35:07",1,"55427"
259,5,569,"2014-12-25 00:39:50",1,"35444"
260,4591,303,"2014-10-12 13:30:21",0,"05341"
261,40,1654,"2014-11-19 20:25:46",1,"58011"
262,2483,225,"2014-10-29 23:46:59",1,"72046"
263,3023,818,"2014-12-09 01:22:49",1,"56950"
264,4487,1260,"2014-11-28 09:19:31",1,"77474"
265,1199,153,"2014-12-08 00:03:21",0,"75056"
266,614,703,"2014-10-01 01:44:40",1,"94807"
267,608,240,"2014-10-16 10:50:48",1,"18913"
268,3669,215,"2014-11-26 00:21:03",0,"20136"
269,46,561,"2014-10-23 14:17:31",0,"75157"
270,3165,987,"2014-12-13 15:55:37",0,"85929"
271,1590,198,"2014-11-03 10:43:22",0,"48915"
272,1062,32,"2014-11-13 13:02:14",1,"54530"
273,2531,13,"2014-11-06 18:52:46",0,"90057"
274,41,10,"2014-11-27 12:52:44",1,"44077"
275,4777,128,"2014-12-28 09:14:06",1,"44445"
276,1409,196,"2014-11-12 19:54:29",0,"90605"
277,163,147,"2014-10-01 08:35:26",0,"12530"
278,3766,1679,"2014-11-14 21:00:40",1,"58047"
279,1201,1353,"2014-12-15 19:09:04",1,"28584"
280,3615,245,"2014-12-03 15:25:26",1,"57032"
281,1450,986,"2014-11-09 11:46:09",1,"58379"
282,9,749,"2014-11-26 10:28:23",1,"66060"
283,2209,66,"2014-10-30 16:05:13",0,"47145"
284,30,581,"2014-10-23 00:55:13",0,"58265"
285,4735,514,"2014-10-14 16:11:06",1,"97877"
286,678,0,"2014-11-21 11:08:57",1,"46917"
287,234,183,"2014-10-03 12:51:08",1,"59414"
288,1108,490,"2014-10-20 22:50:20",0,"59773"
289,2664,23,"2014-11-02 18:17:37",1,"04042"
290,95,1358,"2014-12-25 20:58:14",1,"15003"
291,3142,186,"2014-11-04 05:52:10",1,"10924"
292,1347,1271,"2014-11-17 13:19:06",1,"72221"
293,369,842,"2014-10-26 08:31:04",1,"25187"
294,684,16,"2014-11-03 02:45:42",1,"27527"
295,2070,1628,"2014-11-05 03:48:47",0,"54930"
296,4867,35,"2014-10-07 04:02:15",0,"96017"
297,5,427,"2014-10-23 11:50:59",1,"79752"
298,4401,38,"2014-11-09 18:08:07",1,"57399"
299,2054,18,"2014-12-30 02:30:17",1,"46221"
300,49,1226,"2014-12-15 11:48:15",1,"72717"
301,114,594,"2014-10-04 17:00:22",0,"20726"
302,1444,392,"2014-10-27 05:57:31",1,"67574"
303,2218,846,"2014-10-14 14:06:57",0,"73132"
304,3937,568,"2014-11-05 14:07:53",1,"01002"
305,2470,975,"2014-12-27 05:47:37",0,"57002"
306,2882,163,"2014-11-12 04:46:35",1,"84093"
307,1444,1180,"2014-12-24 23:23:19",1,"51056"
308,1270,252,"2014-12-29 22:23:30",0,"19611"
309,1276,47,"2014-11-08 12:04:40",1,"43557"
310,4299,298,"2014-11-07 01:02:51",0,"41855"
311,46,101,"2014-11-18 16:57:24",1,"54009"
312,592,802,"2014-11-19 18:59:14",0,"59755"
313,1674,46,"2014-12-11 03:35:26",1,"14825"
314,3102,1081,"2014-10-06 00:48:07",1,"97843"
315,1103,736,"2014-10-02 06:59:50",0,"83321"
316,1482,1334,"2014-12-10 20:04:35",1,"77065"
317,275,904,"2014-10-09 15:23:39",1,"02921"
318,2070,787,"2014-11-14 11:14:53",1,"73079"
319,2345,12,"2014-12-20 14:10:08",1,"45155"
320,903,19,"2014-10-09 03:10:49",1,"22546"
321,1200,943,"2014-12-13 09:07:14",0,"58075"
322,2964,139,"2014-10-17 20:29:33",0,"13043"
323,1483,62,"2014-10-21 18:25:19",0,"46223"
324,1195,7,"2014-12-07 18:50:42",0,"66732"
325,20,1229,"2014-10-03 21:57:18",1,"10094"
326,1497,1380,"2014-11-30 10:36:59",1,"72018"
327,1092,1340,"2014-12-16 07:39:00",0,"48836"
328,3786,1210,"2014-12-09 21:07:16",0,"81155"
329,1093,123,"2014-11-30 14:10:29",1,"31075"
330,43,13,"2014-10-23 23:46:48",0,"76250"
331,2602,987,"2014-10-22 11:01:08",1,"61064"
332,52,182,"2014-10-08 07:50:06",0,"61285"
333,407,1143,"2014-12-30 21:15:26",1,"92372"
334,650,228,"2014-11-04 10:06:30",1,"39477"
335,24,33,"2014-10-04 03:12:28",1,"68405"
336,3814,17,"2014-10-07 19:18:27",1,"33918"
337,3628,253,"2014-12-10 16:32:51",1,"04672"
338,0,204,"2014-12-24 10:41:04",0,"98357"
339,1723,130,"2014-10-22 08:08:15",0,"45804"
340,1530,1496,"2014-10-28 05:35:28",1,"30094"
341,3917,422,"2014-12-26 19:11:11",1,"33619"
342,3316,3,"2014-11-29 09:55:52",0,"15770"
343,3149,860,"2014-12-29 16:40:26",1,"76109"
344,749,348,"2014-12-23 18:45:13",1,"96015"
345,4564,964,"2014-11-18 21:56:58",1,"14533"
346,770,611,"2014-12-09 12:24:42",0,"81435"
347,720,447,"2014-10-10 23:07:45",1,"26419"
348,700,452,"2014-12-22 12:24:47",1,"56243"
349,1487,133,"2014-10-12 14:03:18",0,"61736"
350,466,20,"2014-11-02 05:02:43",1,"16134"
351,3219,19,"2014-12-07 16:22:23",1,"16659"
352,835,790,"2014-10-25 11:21:30",0,"53508"
353,3691,18,"2014-10-11 04:52:50",1,"38130"
354,1207,15,"2014-12-24 21:53:44",0,"91602"
355,3652,170,"2014-10-05 20:57:11",1,"90410"
356,157,376,"2014-11-10 20:08:47",1,"33322"
357,1882,13,"2014-10-20 04:51:46",1,"75222"
358,4899,1177,"2014-10-29 22:27:21",0,"46268"
359,1441,141,"2014-10-23 22:24:57",0,"19422"
360,588,1494,"2014-10-21 12:35:53",0,"60435"
361,365,985,"2014-11-09 23:01:05",0,"30271"
362,4461,0,"2014-12-09 04:54:17",0,"91125"
363,27,899,"2014-12-13 22:57:00",0,"60804"
364,770,1190,"2014-10-02 22:43:40",1,"65897"
365,1450,28,"2014-12-18 14:47:19",1,"61106"
366,1540,57,"2014-10-21 12:01:55",1,"70457"
367,976,367,"2014-12-16 01:34:05",1,"39286"
368,3011,1339,"2014-12-06 01:19:13",1,"08510"
369,3575,820,"2014-11-15 18:27:02",1,"72005"
370,103,746,"2014-12-21 11:15:49",1,"27697"
371,4718,256,"2014-10-15 10:10:15",1,"07801"
372,4360,4,"2014-11-18 07:06:09",0,"14626"
373,4478,695,"2014-10-27 20:50:01",1,"38130"
374,3956,55,"2014-11-12 17:04:56",1,"24155"
375,765,11,"2014-11-06 14:55:49",1,"44408"
376,1105,1170,"2014-12-08 20:01:12",1,"12062"
377,1831,666,"2014-10-01 20:22:11",1,"31794"
378,1710,1357,"2014-11-22 04:33:33",0,"52593"
379,565,173,"2014-12-02 06:50:19",0,"55741"
380,1790,174,"2014-12-18 02:04:40",0,"19533"
381,728,121,"2014-11-22 18:39:07",0,"98236"
382,2257,780,"2014-10-21 09:04:00",1,"62886"
383,4392,347,"2014-12-30 12:24:29",0,"34660"
384,134,48,"2014-10-15 10:16:05",0,"29349"
385,2979,673,"2014-12-04 04:22:21",0,"62515"
386,4069,370,"2014-10-07 20:50:12",1,"19330"
387,1347,281,"2014-11-12 19:00:51",1,"85301"
388,26,146,"2014-11-09 16:02:53",0,"83274"
389,53,343,"2014-11-29 03:40:25",0,"78405"
390,1170,408,"2014-12-06 09:34:42",0,"60950"
391,3306,1280,"2014-12-04 16:12:20",0,"28726"
392,43,1,"2014-11-08 11:33:26",0,"85646"
393,883,1058,"2014-11-24 20:55:15",1,"08810"
394,96,320,"2014-12-18 20:44:50",1,"33082"
395,4551,1241,"2014-10-01 04:07:36",1,"57107"
396,4301,1038,"2014-12-30 11:30:29",1,"84773"
397,2093,1297,"2014-10-19 15:14:29",0,"54986"
398,604,400,"2014-11-17 17:57:49",0,"81073"
399,4405,574,"2014-12-19 10:26:19",1,"67839"
400,421,246,"2014-12-14 06:55:42",1,"99111"
401,1908,515,"2014-12-21 23:19:21",1,"80206"
402,1373,1396,"2014-11-27 00:07:34",0,"19801"
403,4797,2,"2014-11-05 20:02:41",0,"13114"
404,1753,16,"2014-11-16 12:07:59",1,"28164"
405,545,570,"2014-10-28 12:59:34",1,"97351"
406,9,1373,"2014-11-20 23:14:21",1,"24019"
407,342,394,"2014-10-11 22:51:20",1,"44304"
408,125,706,"2014-10-30 23:32:21",0,"82640"
409,1959,920,"2014-11-06 12:41:25",0,"31085"
410,4554,1000,"2014-10-13 13:02:35",0,"90247"
411,1026,229,"2014-11-10 00:20:12",1,"59111"
412,2946,1355,"2014-11-29 01:48:09",1,"29331"
413,117,206,"2014-11-19 01:36:47",1,"54082"
414,1576,914,"2014-10-05 01:23:56",0,"74075"
415,2539,1665,"2014-10-06 14:14:50",0,"95694"
416,2417,42,"2014-10-11 00:09:21",0,"83610"
417,4999,3,"2014-10-11 11:55:13",0,"23328"
418,71,83,"2014-10-18 16:38:17",1,"54113"
419,263,44,"2014-10-14 06:55:42",1,"72543"
420,2559,293,"2014-11-20 05:41:02",0,"35654"
421,1202,178,"2014-10-02 07:52:31",1,"76442"
422,164,125,"2014-12-28 02:18:38",1,"06354"
423,271,11,"2014-11-13 13:08:52",1,"28664"
424,4629,533,"2014-10-25 12:59:13",0,"35238"
425,383,1155,"2014-10-01 12:05:18",1,"73949"
426,541,828,"2014-12-15 02:54:45",0,"87412"
427,3687,39,"2014-11-15 06:22:46",0,"57227"
428,939,643,"2014-10-24 04:58:45",0,"52351"
429,179,64,"2014-12-07 03:39:46",1,"18218"
430,3979,30,"2014-11-15 09:25:13",0,"49041"
431,29,710,"2014-10-20 11:38:31",1,"66208"
432,224,331,"2014-11-10 20:43:09",1,"96034"
433,4456,703,"2014-11-15 13:42:02",1,"61007"
434,2855,1349,"2014-10-14 23:07:27",0,"29302"
435,1374,1662,"2014-12-20 20:04:27",1,"60602"
436,1028,991,"2014-10-14 17:16:11",0,"21539"
437,3042,512,"2014-10-08 08:55:43",0,"98174"
438,232,644,"2014-12-14 22:59:25",0,"26720"
439,12,31,"2014-12-30 14:57:46",0,"49510"
440,1099,298,"2014-10-25 01:23:58",1,"13476"
441,661,462,"2014-11-11 05:56:22",0,"83714"
442,2584,1490,"2014-12-24 12:50:05",0,"25711"
443,1527,859,"2014-11-09 07:39:23",1,"48504"
444,2251,1091,"2014-11-16 01:55:59",1,"67205"
445,4035,72,"2014-12-19 14:00:45",0,"26160"
446,327,26,"2014-11-19 14:35:10",1,"21542"
447,1034,1057,"2014-10-28 11:19:52",1,"19090"
448,4967,325,"2014-10-11 20:19:44",0,"06518"
449,458,215,"2014-12-29 11:06:37",1,"35049"
450,4900,1379,"2014-11-21 13:58:21",0,"98536"
451,360,6,"2014-11-19 18:41:55",1,"94131"
452,3796,27,"2014-12-20 00:34:11",1,"81228"
453,2162,261,"2014-11-17 19:46:55",0,"85279"
454,449,561,"2014-11-08 09:48:44",1,"77325"
455,28,1575,"2014-12-07 09:17:40",1,"95763"
456,1859,12,"2014-12-12 21:27:44",0,"33953"
457,52,214,"2014-10-08 21:13:53",1,"29920"
458,2940,238,"2014-10-15 07:07:55",1,"84749"
459,4964,865,"2014-11-21 11:45:09",0,"74046"
460,3322,29,"2014-12-10 04:14:21",0,"76265"
461,598,617,"2014-12-07 04:05:59",1,"32959"
462,3454,70,"2014-10-20 16:46:46",0,"85251"
463,2883,12,"2014-11-07 12:25:10",0,"98465"
464,631,1310,"2014-11-10 07:45:47",1,"20172"
465,2940,265,"2014-12-19 17:04:31",1,"13740"
466,1580,16,"2014-10-09 07:37:38",1,"29162"
467,2879,106,"2014-10-26 05:48:26",1,"36726"
468,130,1632,"2014-10-29 02:18:51",1,"50164"
469,1420,286,"2014-11-27 22:42:51",1,"46311"
470,482,18,"2014-12-27 14:49:50",1,"28543"
471,3760,387,"2014-10-26 17:29:27",0,"78754"
472,19,299,"2014-11-21 04:55:52",1,"45155"
473,4546,1296,"2014-10-18 02:40:09",1,"81223"
474,965,43,"2014-12-14 13:52:37",1,"18651"
475,579,79,"2014-10-14 12:11:37",1,"84065"
476,14,222,"2014-11-13 13:08:18",0,"15682"
477,10,1011,"2014-11-26 08:31:44",0,"22567"
478,4428,32,"2014-12-19 03:09:31",1,"30730"
479,2410,186,"2014-11-29 18:47:11",0,"20684"
480,13,65,"2014-11-02 23:08:53",0,"25075"
481,3377,394,"2014-11-08 17:28:48",1,"42321"
482,52,7,"2014-12-28 15:16:57",0,"37191"
483,1970,885,"2014-10-27 04:34:02",0,"43962"
484,4698,769,"2014-10-22 18:31:58",1,"68883"
485,4693,956,"2014-10-03 03:07:46",1,"75246"
486,3458,10,"2014-12-10 10:17:34",0,"83617"
487,11,1363,"2014-10-30 06:58:35",1,"01342"
488,38,225,"2014-10-31 13:14:23",0,"56933"
489,191,637,"2014-10-20 20:11:27",1,"19183"
490,36,558,"2014-11-14 14:52:03",0,"14029"
491,72,32,"2014-10-03 01:42:18",1,"21202"
492,1208,351,"2014-11-08 21:15:45",1,"73043"
493,2054,37,"2014-10-27 19:35:17",1,"07829"
494,1916,38,"2014-12-18 21:57:02",0,"24165"
495,52,1457,"2014-11-04 23:13:06",1,"37111"
496,4212,321,"2014-10-31 21:24:00",1,"03076"
497,1152,1377,"2014-10-07 08:43:52",1,"83849"
498,3419,486,"2014-11-20 13:38:51",0,"30321"
499,2029,1377,"2014-12-10 18:25:45",0,"87936"
500,1719,56,"2014-12-22 20:36:50",1,"68843"
501,12,3,"2014-10-21 07:55:18",1,"71750"
502,1377,402,"2014-11-09 05:30:10",1,"59826"
503,2079,780,"2014-12-29 00:32:45",1,"95039"
504,3322,423,"2014-12-17 02:40:21",0,"83025"
505,332,48,"2014-10-26 09:17:54",1,"05036"
506,859,740,"2014-12-05 17:22:36",1,"32725"
507,2882,1185,"2014-12-04 22:58:05",0,"06479"
508,1499,673,"2014-12-03 11:15:54",0,"10707"
509,3270,339,"2014-12-20 09:59:01",1,"53115"
510,39,288,"2014-11-03 18:00:03",1,"04756"
511,1562,819,"2014-11-06 01:41:33",1,"12785"
512,3353,492,"2014-10-21 13:07:47",0,"97601"
513,3326,26,"2014-12-07 12:29:57",0,"80827"
514,3455,1228,"2014-12-14 23:08:42",1,"32949"
515,1067,1560,"2014-12-29 07:49:40",1,"41160"
516,1019,134,"2014-10-04 21:32:13",1,"40506"
517,2407,198,"2014-12-09 20:12:43",0,"48419"
518,138,1553,"2014-10-26 11:23:03",1,"56166"
519,139,276,"2014-10-06 11:37:11",0,"15450"
520,814,410,"2014-10-03 20:13:34",0,"20147"
521,86,1177,"2014-12-12 23:42:42",1,"72070"
522,64,418,"2014-10-29 11:45:51",1,"97205"
523,3890,1553,"2014-10-26 03:18:16",1,"02330"
524,1289,378,"2014-12-20 15:30:42",1,"83311"
525,0,417,"2014-11-18 02:59:02",0,"30026"
526,752,124,"2014-10-11 13:34:31",1,"15338"
527,11,472,"2014-12-28 04:27:41",0,"44420"
528,2060,894,"2014-10-21 12:26:39",0,"51430"
529,1555,545,"2014-12-01 08:16:56",1,"46275"
530,891,714,"2014-10-31 00:56:02",1,"63775"
531,3661,515,"2014-12-21 06:55:08",0,"37769"
532,277,1143,"2014-11-01 00:12:03",1,"90745"
533,1990,1523,"2014-10-26 02:27:52",1,"61543"
534,2402,527,"2014-12-21 02:18:29",0,"80459"
535,4906,633,"2014-10-24 17:35:02",1,"33027"
536,2544,514,"2014-10-09 23:50:21",1,"63401"
537,3797,108,"2014-11-28 12:12:54",1,"43005"
538,2867,17,"2014-12-13 03:37:00",0,"19067"
539,3831,12,"2014-10-28 09:17:12",0,"72070"
540,2700,11,"2014-12-10 12:52:48",1,"99158"
541,3758,330,"2014-12-15 01:19:25",1,"61542"
542,2691,482,"2014-12-26 15:27:10",0,"22846"
543,2625,1416,"2014-12-28 10:14:53",0,"48367"
544,46,692,"2014-11-26 20:47:24",1,"53212"
545,310,590,"2014-11-27 07:42:22",0,"91327"
546,34,30,"2014-10-20 16:20:17",0,"14437"
547,557,220,"2014-11-15 15:56:39",1,"45812"
548,1463,783,"2014-10-11 13:54:14",1,"12981"
549,281,284,"2014-12-10 04:51:32",0,"43660"
550,1082,44,"2014-12-01 15:32:10",1,"39365"
551,3202,95,"2014-10-29 19:18:20",0,"50576"
552,4,273,"2014-12-03 10:41:13",0,"70835"
553,2909,64,"2014-10-22 19:44:55",0,"81036"
554,3192,264,"2014-10-19 22:30:35",1,"78641"
555,3761,50,"2014-12-04 06:02:54",0,"94539"
556,1108,1614,"2014-11-05 04:29:27",1,"19601"
557,3980,261,"2014-12-20 08:39:18",0,"15333"
558,2622,578,"2014-10-03 17:23:41",1,"76820"
559,2920,112,"2014-11-05 02:39:23",0,"46302"
560,1257,705,"2014-10-05 04:18:48",0,"04212"
561,527,5,"2014-12-25 08:47:34",1,"18041"
562,4387,16,"2014-10-07 11:35:09",0,"35959"
563,1908,759,"2014-10-24 10:15:32",0,"61913"
564,2566,152,"2014-11-19 07:34:47",0,"78870"
565,1140,17,"2014-11-25 10:15:55",1,"94301"
566,308,813,"2014-10-02 18:42:33",0,"94104"
567,356,1479,"2014-10-23 18:35:57",1,"76011"
568,524,1146,"2014-11-25 14:23:31",1,"52361"
569,1281,867,"2014-12-28 10:59:02",1,"22801"
570,885,1581,"2014-11-30 01:35:41",1,"05030"
571,175,130,"2014-11-29 03:42:27",1,"95376"
572,101,377,"2014-11-01 12:24:37",0,"78938"
573,1049,679,"2014-12-18 03:53:43",0,"56754"
574,1596,754,"2014-10-05 23:37:54",0,"28720"
575,2986,13,"2014-11-23 14:39:38",0,"72153"
576,4922,0,"2014-12-25 20:17:07",1,"38549"
577,4224,269,"2014-11-04 11:51:27",0,"89414"
578,16,23,"2014-10-27 12:28:45",1,"20610"
579,1760,209,"2014-11-27 18:36:36",1,"38402"
580,4372,292,"2014-10-13 08:58:54",1,"84057"
581,2514,180,"2014-12-28 00:10:08",1,"30268"
582,4086,5,"2014-12-26 19:08:35",1,"76821"
583,4434,47,"2014-11-22 16:38:39",1,"07718"
584,19,182,"2014-11-12 08:42:42",1,"63664"
585,4399,1301,"2014-10-04 02:27:43",0,"77904"
586,4664,1234,"2014-12-02 13:26:24",1,"54888"
587,13,530,"2014-11-11 08:46:17",1,"63345"
588,377,329,"2014-10-04 14:03:38",1,"02196"
589,1785,1103,"2014-12-10 14:59:43",1,"08721"
590,158,405,"2014-11-11 13:31:44",1,"91706"
591,28,619,"2014-10-28 03:47:18",0,"47577"
592,3714,17,"2014-10-07 04:35:14",1,"97116"
593,501,1607,"2014-11-28 12:46:31",0,"95229"
594,833,223,"2014-10-12 17:50:25",0,"33835"
595,3380,1506,"2014-12-09 00:16:44",1,"42332"
596,3486,126,"2014-11-17 09:22:08",0,"98323"
597,758,1339,"2014-11-19 10:01:26",0,"58631"
598,3636,245,"2014-10-26 01:24:33",0,"14083"
599,1168,1,"2014-12-07 12:12:59",1,"42036"
600,2256,440,"2014-12-13 20:49:29",1,"32132"
601,4259,597,"2014-11-12 22:03:18",0,"38338"
602,44,1554,"2014-11-13 14:49:26",1,"28602"
603,187,1152,"2014-10-02 08:38:48",1,"21022"
604,232,346,"2014-10-28 04:21:21",0,"17502"
605,4054,181,"2014-10-31 19:31:33",1,"81151"
606,1461,185,"2014-12-11 11:51:59",1,"92804"
607,1525,788,"2014-12-21 23:50:41",1,"71860"
608,306,765,"2014-11-01 04:37:01",1,"53556"
609,1012,189,"2014-12-13 23:11:44",0,"94141"
610,99,119,"2014-10-20 14:50:09",1,"58033"
611,757,280,"2014-10-03 16:17:51",1,"48760"
612,1332,1160,"2014-11-15 03:32:38",0,"91769"
613,2218,936,"2014-10-06 01:26:07",0,"72066"
614,515,177,"2014-12-29 20:24:27",0,"97075"
615,978,882,"2014-10-22 06:41:18",0,"27508"
616,3383,97,"2014-10-07 10:57:40",1,"88012"
617,4713,300,"2014-12-05 05:05:31",0,"83281"
618,2973,503,"2014-12-19 17:11:01",0,"58545"
619,1211,1207,"2014-12-01 00:55:04",1,"63134"
620,4709,1473,"2014-11-15 04:08:24",0,"57258"
621,1481,591,"2014-12-15 23:53:41",1,"63785"
622,2750,1667,"2014-10-02 22:34:32",1,"45712"
623,2916,14,"2014-11-13 22:43:21",0,"71201"
624,506,533,"2014-11-17 10:15:36",1,"47941"
625,3475,1271,"2014-12-04 22:22:32",0,"69339"
626,2092,29,"2014-11-12 21:56:34",1,"08060"
627,192,1360,"2014-12-05 19:19:44",1,"29470"
628,1498,325,"2014-12-18 23:40:54",1,"08736"
629,1716,223,"2014-12-28 19:23:20",0,"48225"
630,66,18,"2014-12-15 13:36:40",1,"97903"
631,183,1331,"2014-10-17 03:14:21",0,"62319"
632,1999,22,"2014-10-10 14:52:48",1,"85034"
633,3478,898,"2014-11-15 19:34:08",1,"62681"
634,330,975,"2014-12-25 20:52:13",1,"70601"
635,553,1069,"2014-10-11 08:29:16",0,"49752"
636,3985,226,"2014-12-18 22:28:42",1,"14057"
637,785,165,"2014-11-07 07:03:17",0,"50262"
638,943,573,"2014-12-09 20:13:36",0,"65745"
639,364,428,"2014-10-24 16:32:43",0,"49254"
640,166,35,"2014-11-16 20:32:44",1,"57101"
641,1081,1544,"2014-10-09 01:44:00",1,"27941"
642,1686,1116,"2014-10-24 11:10:43",0,"43803"
643,80,1130,"2014-11-04 09:59:42",1,"55347"
644,3064,74,"2014-12-18 00:53:18",0,"67637"
645,3253,1553,"2014-11-21 20:30:39",0,"36016"
646,1483,58,"2014-12-22 18:36:33",0,"55756"
647,3593,1582,"2014-12-08 06:33:03",1,"79252"
648,45,437,"2014-11-09 02:09:41",1,"20128"
649,1213,759,"2014-10-25 09:59:29",0,"52169"
650,409,339,"2014-10-26 08:24:42",1,"93452"
651,4719,333,"2014-12-21 00:38:07",0,"67764"
652,13,546,"2014-10-31 20:27:36",1,"89555"
653,7,68,"2014-10-14 18:08:22",0,"78117"
654,1,990,"2014-12-01 19:13:50",1,"80941"
655,4942,6,"2014-12-12 12:12:16",0,"28425"
656,980,0,"2014-12-28 08:11:40",1,"78340"
657,379,1695,"2014-10-24 05:32:45",1,"57109"
658,2320,111,"2014-11-26 07:18:47",1,"79741"
659,2410,1122,"2014-11-05 00:30:59",0,"71046"
660,4865,116,"2014-11-28 15:13:08",1,"18011"
661,4978,127,"2014-10-07 22:16:28",0,"74360"
662,903,69,"2014-12-21 23:28:50",1,"40283"
663,874,1049,"2014-12-07 22:18:48",0,"50062"
664,4715,336,"2014-10-27 12:53:49",0,"94547"
665,1970,541,"2014-11-08 07:31:18",1,"88557"
666,1740,470,"2014-12-16 14:33:15",1,"25113"
667,707,580,"2014-10-24 00:22:00",1,"28733"
668,792,1577,"2014-11-20 18:57:32",0,"32137"
669,28,159,"2014-11-01 13:16:16",1,"89041"
670,609,910,"2014-11-18 21:49:07",1,"95693"
671,66,10,"2014-12-25 12:02:36",0,"29904"
672,80,869,"2014-12-09 01:02:41",1,"25981"
673,3508,714,"2014-12-03 22:10:03",0,"92011"
674,1673,479,"2014-10-25 06:02:22",1,"25562"
675,33,645,"2014-12-24 02:32:18",1,"40204"
676,2454,1228,"2014-12-10 18:21:37",1,"06088"
677,2613,38,"2014-12-22 17:06:01",0,"14471"
678,249,23,"2014-10-29 03:05:15",1,"04351"
679,456,437,"2014-11-08 19:55:00",1,"22936"
680,289,45,"2014-10-10 06:50:38",1,"95017"
681,7,1046,"2014-11-25 03:50:02",1,"01529"
682,2409,1178,"2014-10-31 14:17:32",0,"15316"
683,28,1135,"2014-12-02 09:51:20",0,"47978"
684,2681,871,"2014-11-06 22:26:05",0,"73165"
685,271,653,"2014-12-17 09:15:55",0,"13115"
686,4510,42,"2014-10-21 16:02:51",0,"97205"
687,1763,170,"2014-10-22 09:42:50",0,"53571"
688,168,784,"2014-11-05 00:48:29",1,"67352"
689,500,220,"2014-10-03 18:28:44",1,"17004"
690,3018,546,"2014-10-24 16:47:16",0,"34291"
691,1706,629,"2014-10-30 15:31:28",1,"95154"
692,1459,37,"2014-11-19 03:04:40",0,"41540"
693,102,143,"2014-11-18 21:42:04",1,"01879"
694,4591,1646,"2014-12-03 23:52:05",0,"27340"
695,758,59,"2014-12-02 09:09:04",0,"72129"
696,9,590,"2014-10-02 11:20:32",1,"81329"
697,1260,1557,"2014-11-19 05:33:01",0,"15047"
698,2894,325,"2014-12-22 20:43:38",1,"86325"
699,4,1089,"2014-12-23 15:07:49",0,"18109"
700,2321,32,"2014-10-22 08:57:21",1,"97454"
701,4103,1647,"2014-10-24 17:31:33",1,"92154"
702,56,884,"2014-10-18 08:05:51",1,"31561"
703,3146,1064,"2014-11-28 08:25:17",1,"52566"
704,206,1193,"2014-10-22 04:14:53",1,"45417"
705,1589,386,"2014-11-13 02:54:53",1,"54666"
706,346,19,"2014-10-18 14:36:00",0,"59922"
707,40,12,"2014-12-26 17:00:46",1,"50339"
708,24,748,"2014-10-01 15:25:51",0,"68450"
709,3210,257,"2014-10-16 09:34:07",1,"33326"
710,3752,51,"2014-10-02 18:00:09",0,"47405"
711,125,96,"2014-12-17 10:05:38",1,"45850"
712,2172,577,"2014-10-12 02:54:01",0,"29053"
713,1489,861,"2014-11-07 13:44:09",1,"60910"
714,355,185,"2014-11-28 03:08:17",1,"93761"
715,2757,865,"2014-12-03 03:12:20",1,"32142"
716,1031,136,"2014-10-22 05:07:42",0,"81615"
717,4397,84,"2014-12-24 16:42:27",1,"01615"
718,643,173,"2014-11-14 16:19:19",1,"42054"
719,185,397,"2014-12-29 20:25:31",1,"77236"
720,1751,955,"2014-11-11 18:54:27",0,"14606"
721,923,89,"2014-12-08 18:59:21",1,"90623"
722,164,24,"2014-11-11 09:33:05",1,"27311"
723,2589,154,"2014-10-09 20:29:15",0,"13661"
724,138,1012,"2014-11-11 08:02:16",0,"20216"
725,1412,996,"2014-11-14 18:22:57",1,"87010"
726,1010,844,"2014-10-26 13:39:22",0,"36738"
727,966,1232,"2014-11-08 21:07:23",0,"88049"
728,3256,903,"2014-12-22 07:20:36",1,"93512"
729,2184,177,"2014-10-25 04:29:19",1,"27576"
730,12,186,"2014-10-26 05:00:25",1,"43656"
731,16,994,"2014-12-12 02:43:06",0,"29603"
732,1907,891,"2014-10-27 09:24:29",1,"84712"
733,27,1524,"2014-10-17 23:47:03",0,"44815"
734,3367,522,"2014-12-24 15:15:04",1,"37929"
735,1628,1136,"2014-12-07 08:41:53",0,"62954"
736,4360,639,"2014-11-01 18:35:50",1,"98952"
737,2590,647,"2014-10-28 14:55:03",0,"55564"
738,2417,293,"2014-10-09 04:12:14",0,"83429"
739,2036,0,"2014-11-01 14:16:46",1,"99153"
740,1072,751,"2014-10-23 10:42:32",1,"10560"
741,3159,21,"2014-10-20 09:21:51",0,"40923"
742,71,1394,"2014-10-01 22:15:42",1,"43127"
743,1683,504,"2014-12-02 02:36:55",1,"74117"
744,704,1502,"2014-12-27 01:50:41",0,"24578"
745,2159,159,"2014-11-21 06:54:10",1,"65737"
746,0,497,"2014-11-03 21:50:54",1,"84654"
747,813,937,"2014-11-07 18:27:21",0,"75154"
748,3741,547,"2014-12-29 16:17:06",1,"61328"
749,1453,1560,"2014-11-13 23:37:18",0,"46850"
750,1022,142,"2014-11-20 21:41:11",1,"29682"
751,135,302,"2014-11-24 08:09:22",1,"74577"
752,3423,844,"2014-10-13 22:42:33",0,"08904"
753,2101,1514,"2014-11-30 18:28:33",1,"24269"
754,169,63,"2014-11-14 11:47:35",1,"65534"
755,179,903,"2014-12-01 06:03:45",0,"77018"
756,3105,370,"2014-11-29 01:47:57",0,"97110"
757,30,704,"2014-12-03 06:17:00",0,"22503"
758,3516,1180,"2014-10-08 19:03:46",0,"47557"
759,4949,107,"2014-11-27 07:26:20",0,"08816"
760,4802,929,"2014-11-06 01:59:04",1,"71358"
761,32,46,"2014-12-11 23:49:43",1,"24714"
762,553,32,"2014-10-18 07:03:11",0,"75882"
763,2533,47,"2014-12-30 20:42:46",1,"54926"
764,657,206,"2014-11-06 02:14:45",0,"10470"
765,448,972,"2014-10-13 04:41:44",1,"49881"
766,985,863,"2014-12-24 23:31:31",1,"64444"
767,1218,284,"2014-10-04 04:59:14",1,"58581"
768,4666,1466,"2014-10-23 19:57:12",0,"66775"
769,87,269,"2014-12-26 12:59:24",1,"46018"
770,182,1604,"2014-10-19 18:28:31",0,"78702"
771,3290,11,"2014-11-06 16:59:15",0,"78119"
772,1412,507,"2014-10-04 05:15:26",1,"77961"
773,3,916,"2014-10-27 20:53:53",0,"68404"
774,2043,80,"2014-10-05 13:05:50",0,"02332"
775,926,126,"2014-12-25 21:17:21",1,"22716"
776,2394,1587,"2014-10-27 20:04:45",0,"29693"
777,89,841,"2014-12-24 11:34:14",1,"89134"
778,3414,1091,"2014-10-23 22:29:15",0,"70770"
779,1638,1,"2014-12-11 07:48:50",1,"61068"
780,11,401,"2014-10-03 19:19:33",0,"37071"
781,1,1099,"2014-11-13 11:17:28",0,"85711"
782,4426,550,"2014-10-08 15:17:44",1,"93257"
783,4230,336,"2014-10-09 01:40:18",0,"30534"
784,1314,371,"2014-12-27 18:46:17",0,"20212"
785,4859,1,"2014-11-10 14:06:22",1,"22580"
786,1433,1183,"2014-12-25 07:12:00",0,"57365"
787,2916,644,"2014-11-22 13:28:57",0,"19715"
788,980,389,"2014-11-26 15:13:54",1,"92802"
789,2818,206,"2014-10-22 23:30:11",0,"58262"
790,4297,34,"2014-11-04 19:10:49",1,"11416"
791,34,430,"2014-10-21 08:10:20",0,"96075"
792,629,343,"2014-12-22 07:59:42",1,"77054"
793,266,43,"2014-10-12 13:50:48",0,"35135"
794,1178,0,"2014-12-07 18:22:41",1,"16367"
795,162,61,"2014-11-13 00:36:57",0,"15034"
796,34,217,"2014-12-08 11:04:55",1,"40588"
797,1537,1238,"2014-11-04 21:04:23",0,"57656"
798,4667,337,"2014-10-07 11:36:22",1,"16039"
799,2713,73,"2014-11-30 12:22:39",1,"62888"
800,38,889,"2014-11-29 14:12:47",1,"50561"
801,1018,556,"2014-11-16 16:15:38",1,"24161"
802,187,67,"2014-10-05 06:37:08",1,"89422"
803,3770,305,"2014-12-18 18:27:56",1,"01354"
804,370,203,"2014-11-08 13:14:25",1,"52004"
805,3082,205,"2014-10-15 19:34:14",1,"21788"
806,53,11,"2014-12-07 09:02:49",1,"36872"
807,2437,1022,"2014-11-18 01:15:35",0,"80111"
808,1848,791,"2014-11-26 12:57:16",1,"98283"
809,770,898,"2014-12-01 15:51:14",1,"78025"
810,2121,960,"2014-10-16 13:48:55",0,"91224"
811,2654,107,"2014-10-11 22:20:35",1,"53956"
812,496,699,"2014-11-16 17:58:10",0,"22405"
813,2408,590,"2014-10-15 09:42:40",1,"60035"
814,2015,595,"2014-12-22 15:56:03",1,"12924"
815,30,669,"2014-12-28 09:51:15",1,"30417"
816,6,1358,"2014-10-26 08:26:23",1,"10079"
817,763,567,"2014-11-18 20:49:56",1,"63852"
818,646,1188,"2014-11-16 11:30:23",1,"98208"
819,2508,128,"2014-10-23 23:13:51",1,"23666"
820,185,1014,"2014-10-01 16:49:55",1,"94527"
821,2543,619,"2014-12-29 20:15:55",0,"07072"
822,3190,876,"2014-11-28 20:06:39",1,"77070"
823,1366,1313,"2014-11-10 20:03:19",0,"44275"
824,4675,732,"2014-11-01 22:11:27",0,"87072"
825,58,463,"2014-12-21 04:25:22",1,"70826"
826,4642,367,"2014-12-13 07:52:01",0,"79945"
827,1581,450,"2014-12-22 11:04:16",1,"20833"
828,0,56,"2014-12-26 01:02:07",0,"26362"
829,480,646,"2014-12-24 18:16:30",0,"73938"
830,1129,248,"2014-10-15 12:49:51",0,"59338"
831,1086,555,"2014-10-11 17:43:05",0,"32210"
832,4668,345,"2014-10-14 18:21:26",1,"53203"
833,61,72,"2014-11-17 09:22:49",1,"17123"
834,2402,1313,"2014-10-14 17:32:56",0,"54234"
835,2157,1609,"2014-11-28 14:36:50",0,"31720"
836,1666,866,"2014-10-20 16:28:00",1,"17856"
837,3114,1617,"2014-11-07 10:53:23",0,"28306"
838,4747,1001,"2014-10-05 02:32:20",0,"68145"
839,370,745,"2014-10-16 09:34:07",0,"17329"
840,4880,118,"2014-10-05 22:07:27",1,"25606"
841,1209,50,"2014-12-12 12:31:28",1,"70059"
842,1455,274,"2014-12-26 19:26:35",0,"25270"
843,22,91,"2014-10-01 03:37:49",1,"78390"
844,2,10,"2014-10-09 14:05:54",1,"03106"
845,4485,1471,"2014-12-15 05:08:57",0,"39149"
846,79,345,"2014-12-29 15:30:07",0,"79240"
847,7,491,"2014-10-17 15:39:15",1,"22931"
848,348,517,"2014-12-13 10:20:27",0,"95422"
849,1153,1346,"2014-10-22 07:31:12",1,"29851"
850,4663,938,"2014-10-06 21:47:17",0,"71115"
851,112,434,"2014-11-19 11:08:43",0,"68061"
852,3460,1287,"2014-11-22 18:26:37",1,"91436"
853,51,1360,"2014-11-07 05:24:48",1,"11509"
854,63,63,"2014-10-11 08:01:15",0,"70537"
855,4016,1,"2014-11-04 01:13:35",1,"43747"
856,4205,691,"2014-11-28 21:14:53",1,"32774"
857,196,542,"2014-11-03 01:35:55",1,"64769"
858,1171,744,"2014-12-28 03:12:37",1,"83827"
859,1533,146,"2014-10-30 20:17:25",1,"94151"
860,4439,360,"2014-12-22 17:36:52",0,"65612"
861,199,35,"2014-11-01 00:07:13",0,"55069"
862,2952,193,"2014-12-19 12:42:07",0,"43804"
863,4008,1614,"2014-11-21 04:35:49",0,"31055"
864,1255,1501,"2014-12-11 20:12:59",0,"23076"
865,982,685,"2014-11-17 21:38:33",0,"16322"
866,154,257,"2014-10-22 12:50:23",0,"64035"
867,4075,354,"2014-10-11 07:05:41",1,"70044"
868,3317,977,"2014-12-20 19:36:54",0,"65466"
869,2447,1469,"2014-12-16 01:44:55",1,"49312"
870,2381,144,"2014-10-11 06:51:40",1,"74036"
871,3,1154,"2014-11-11 05:40:37",1,"79762"
872,9,759,"2014-12-23 07:20:08",1,"35111"
873,1,445,"2014-12-23 23:37:50",1,"42516"
874,870,1191,"2014-10-23 22:55:11",1,"42157"
875,383,0,"2014-10-04 18:36:36",1,"89048"
876,666,33,"2014-11-05 02:44:26",0,"88547"
877,932,81,"2014-12-26 04:00:49",1,"58313"
878,25,853,"2014-10-26 21:17:44",0,"12720"
879,4660,58,"2014-10-28 11:26:46",0,"91977"
880,140,919,"2014-11-07 06:00:06",1,"34211"
881,2650,102,"2014-10-23 19:57:06",1,"91385"
882,2026,2,"2014-12-26 15:49:30",1,"62633"
883,2896,1392,"2014-12-19 03:35:08",0,"67560"
884,222,26,"2014-12-20 20:14:05",1,"54469"
885,1985,51,"2014-12-12 13:04:42",0,"33197"
886,3207,733,"2014-12-10 06:52:19",0,"76465"
887,1864,316,"2014-11-06 01:41:43",1,"43287"
888,144,354,"2014-12-15 11:33:37",0,"25350"
889,156,32,"2014-12-17 07:20:37",1,"98684"
890,266,886,"2014-11-20 22:43:21",0,"56014"
891,56,1543,"2014-11-10 17:14:58",1,"06720"
892,363,5,"2014-11-26 17:51:05",1,"58636"
893,117,704,"2014-11-07 19:52:27",1,"59806"
894,3434,1106,"2014-12-17 11:31:00",0,"62044"
895,782,795,"2014-11-09 18:26:10",0,"20045"
896,2683,10,"2014-11-13 04:48:40",1,"18921"
897,4624,670,"2014-11-01 00:48:31",0,"49068"
898,236,325,"2014-11-06 05:11:14",0,"82323"
899,4584,952,"2014-12-26 18:40:17",0,"49718"
900,1073,0,"2014-12-26 02:50:20",1,"49510"
901,461,1499,"2014-11-21 03:51:26",0,"95006"
902,4913,1268,"2014-11-16 00:25:44",1,"59485"
903,2521,810,"2014-10-07 14:28:05",0,"32562"
904,1484,683,"2014-12-24 15:46:39",0,"47850"
905,1610,12,"2014-10-05 14:34:11",1,"40603"
906,1229,17,"2014-10-25 10:07:03",1,"95954"
907,211,284,"2014-11-03 08:25:49",1,"08804"
908,2543,660,"2014-10-03 00:31:31",0,"59222"
909,498,346,"2014-12-18 14:26:55",1,"68438"
910,801,32,"2014-12-05 10:13:41",1,"31804"
911,1710,24,"2014-11-20 12:10:42",0,"67212"
912,0,636,"2014-11-26 03:02:47",1,"29920"
913,597,1481,"2014-12-25 03:45:15",1,"61862"
914,1750,1300,"2014-10-31 20:11:23",1,"19936"
915,2388,984,"2014-11-16 02:29:00",0,"61824"
916,270,730,"2014-11-17 13:48:39",1,"22722"
917,4570,1293,"2014-10-20 16:04:16",1,"14642"
918,346,308,"2014-12-19 12:31:13",1,"75214"
919,418,91,"2014-10-16 09:27:51",1,"69161"
920,2098,39,"2014-10-04 20:19:29",0,"73129"
921,380,586,"2014-10-10 03:33:25",0,"32189"
922,1489,919,"2014-10-07 13:54:06",1,"42343"
923,2797,451,"2014-11-01 17:47:06",1,"72732"
924,1,1094,"2014-11-21 01:27:19",1,"57383"
925,4592,790,"2014-10-09 23:36:46",1,"46965"
926,4901,1503,"2014-10-14 23:54:32",1,"45157"
927,21,329,"2014-11-29 15:57:23",0,"71968"
928,80,1089,"2014-10-08 13:26:05",1,"16802"
929,2101,863,"2014-12-10 12:25:44",1,"38634"
930,101,382,"2014-12-22 09:37:22",0,"06524"
931,1674,39,"2014-10-22 23:52:14",1,"96146"
932,2,1129,"2014-11-20 23:40:48",1,"77267"
933,2710,8,"2014-11-23 16:30:01",0,"93278"
934,641,1351,"2014-10-11 06:50:16",0,"35896"
935,11,436,"2014-10-09 12:51:45",1,"23274"
936,297,356,"2014-11-23 17:01:13",1,"89159"
937,436,665,"2014-12-20 12:54:17",0,"48915"
938,1216,592,"2014-11-16 14:44:17",1,"67674"
939,1645,1356,"2014-11-19 09:23:47",1,"72379"
940,21,11,"2014-12-28 15:35:17",0,"53018"
941,312,1468,"2014-12-27 20:38:01",0,"94551"
942,59,1082,"2014-10-14 03:10:24",1,"92268"
943,249,22,"2014-12-04 13:58:46",1,"27262"
944,1770,557,"2014-11-08 11:03:15",1,"28406"
945,16,823,"2014-11-10 10:26:57",1,"71448"
946,991,614,"2014-10-12 15:00:31",1,"19085"
947,177,1601,"2014-12-16 11:48:38",0,"53777"
948,3333,12,"2014-10-16 02:55:45",0,"04940"
949,59,558,"2014-11-24 07:18:30",1,"20787"
950,156,228,"2014-11-09 15:54:25",0,"32956"
951,13,112,"2014-11-12 21:28:51",1,"13761"
952,2410,449,"2014-11-06 05:50:59",1,"24091"
953,4260,470,"2014-11-17 01:51:42",0,"87937"
954,3732,334,"2014-11-30 10:43:29",1,"32234"
955,42,1207,"2014-10-18 05:45:03",0,"01355"
956,2822,59,"2014-12-22 23:50:21",1,"21279"
957,2504,357,"2014-12-23 05:11:01",1,"23894"
958,258,71,"2014-11-16 01:27:33",1,"73007"
959,9,1296,"2014-10-27 23:23:08",1,"68526"
960,548,758,"2014-10-26 16:08:37",0,"49106"
961,3304,88,"2014-11-01 20:07:04",0,"13473"
962,3252,71,"2014-10-24 12:02:12",1,"71959"
963,1618,1503,"2014-12-09 16:25:18",0,"57024"
964,943,1499,"2014-11-02 22:08:20",1,"19714"
965,665,230,"2014-10-21 22:46:07",0,"14453"
966,92,21,"2014-11-02 19:13:17",0,"98686"
967,414,401,"2014-12-01 01:37:46",1,"64735"
968,476,302,"2014-10-14 09:49:02",1,"07015"
969,43,0,"2014-10-29 17:00:59",0,"47577"
970,2077,47,"2014-10-12 05:48:45",1,"43322"
971,4521,608,"2014-10-20 01:05:25",0,"24031"
972,146,1394,"2014-10-29 21:26:05",1,"31014"
973,61,1678,"2014-11-17 05:35:40",0,"34991"
974,4547,58,"2014-12-27 03:45:26",0,"91788"
975,2991,901,"2014-10-08 16:38:26",0,"35972"
976,874,335,"2014-11-23 18:18:34",0,"71294"
977,208,133,"2014-12-08 08:38:00",1,"70727"
978,20,350,"2014-11-11 17:57:42",1,"44116"
979,4513,342,"2014-12-09 00:26:32",0,"77535"
980,3732,112,"2014-12-25 00:43:09",1,"72415"
981,4659,519,"2014-10-27 15:37:49",0,"29656"
982,1366,146,"2014-11-11 18:58:21",0,"30820"
983,205,256,"2014-10-08 12:00:46",0,"62436"
984,485,69,"2014-10-11 05:36:54",0,"30816"
985,31,1020,"2014-12-02 01:51:16",1,"08036"
986,59,94,"2014-12-18 09:55:54",0,"31705"
987,4555,409,"2014-12-18 14:59:06",0,"50013"
988,3372,197,"2014-12-16 05:00:38",0,"78248"
989,107,8,"2014-11-21 22:41:28",1,"01521"
990,3923,1419,"2014-12-12 06:19:21",1,"49066"
991,187,182,"2014-12-18 23:48:34",1,"43223"
992,396,37,"2014-10-12 09:51:33",1,"79562"
993,3373,484,"2014-11-27 03:34:34",1,"27010"
994,194,221,"2014-11-04 16:39:43",0,"83846"
995,24,254,"2014-11-29 13:18:30",1,"40810"
996,1434,814,"2014-12-12 23:02:12",1,"49314"
997,4425,182,"2014-12-09 05:43:55",0,"49625"
998,273,304,"2014-11-07 07:30:38",1,"19127"
999,1760,697,"2014-12-04 12:50:13",1,"73650"